{
    "model_name": "Spark Linear Regression",
    "target": "Incident Resolution Time (in Hours)",
    "categorical_features": [
        "Country",
        "Attack Type",
        "Target Industry",
        "Attack Source",
        "Security Vulnerability Type",
        "Defense Mechanism Used"
    ],
    "numerical_features": [
        "Year Index",
        "Financial Loss (in Million $)",
        "Number of Affected Users",
        "Loss per 1000 Users"
    ],
    "category_labels": {
        "Country": [
            "Brazil",
            "Japan",
            "Russia",
            "UK",
            "India",
            "France",
            "Germany",
            "Australia",
            "China",
            "USA"
        ],
        "Attack Type": [
            "Phishing",
            "DDoS",
            "Malware",
            "SQL Injection",
            "Ransomware",
            "Man-in-the-Middle"
        ],
        "Target Industry": [
            "IT",
            "Banking",
            "Healthcare",
            "Retail",
            "Education",
            "Government",
            "Telecommunications"
        ],
        "Attack Source": [
            "Nation-state",
            "Unknown",
            "Insider",
            "Hacker Group"
        ],
        "Security Vulnerability Type": [
            "Zero-day",
            "Unpatched Software",
            "Social Engineering",
            "Weak Passwords"
        ],
        "Defense Mechanism Used": [
            "Antivirus",
            "VPN",
            "Encryption",
            "Firewall",
            "AI-based Detection"
        ]
    },
    "encoded_sizes": {
        "Country": 11,
        "Attack Type": 7,
        "Target Industry": 8,
        "Attack Source": 5,
        "Security Vulnerability Type": 5,
        "Defense Mechanism Used": 6
    },
    "scaler_standard_deviations": [
        2.844427167269484,
        28.89704589418334,
        288870.9024314788,
        4.674948184478201,
        0.3079388957977955,
        0.30579820948928793,
        0.30363331755200074,
        0.30363331755200074,
        0.3030882517820709,
        0.3014436984703855,
        0.29867107298278717,
        0.29811171289150284,
        0.2895200086393585,
        0.287754659158867,
        0.0,
        0.3811539229744053,
        0.3790201528528385,
        0.37132341471241836,
        0.37057132000909926,
        0.3675287279375529,
        0.3663734523800467,
        0.0,
        0.3686761611437006,
        0.35886966057323066,
        0.3484774775863882,
        0.34589040179823355,
        0.3437057926154755,
        0.3432656907852423,
        0.3392561439893142,
        0.0,
        0.4441917281042891,
        0.43751221526389966,
        0.43183480363373233,
        0.41708582503059327,
        0.0,
        0.44113112578624003,
        0.43304270866276867,
        0.42912997863334645,
        0.428631112744767,
        0.0,
        0.4091435088401519,
        0.40255702501831053,
        0.40163435090385236,
        0.3972483978402627,
        0.3890767981709154,
        0.0
    ],
    "regression_coefficients": [
        0.18550690545767248,
        -0.16909724614651436,
        -0.06387678225260282,
        0.11335925011650833,
        0.32590389868883357,
        0.15102888368388304,
        -0.6358663887263164,
        0.18246014498886806,
        -0.3788713383386091,
        -0.026763322122030517,
        -0.15963492782521876,
        -0.10639190200984383,
        0.46044228277898747,
        0.20890446493248185,
        0.0,
        -0.20620259171549674,
        -0.47317337673968385,
        0.40535463043821074,
        0.1587255160787549,
        -0.15213383112408738,
        0.2852661280671768,
        0.0,
        0.15397820247150407,
        -0.5633571670719824,
        -0.1414001470190367,
        0.15453921977241894,
        -0.4472071368802183,
        0.5155316961251449,
        0.3477259828801998,
        0.0,
        -0.2072821322002714,
        -0.1700700969916902,
        0.02869130378850509,
        0.36944638392151047,
        0.0,
        -0.043896431873100994,
        0.6684580034534829,
        -0.14992695555297753,
        -0.4800599506283015,
        0.0,
        -0.10492739201549801,
        0.14717255548413374,
        -0.06549435619986833,
        -0.3119550229974737,
        0.3441825167095918,
        0.0
    ],
    "regression_intercept": 36.30481265608681,
    "feature_engineering": {
        "Year Index": "Year - 2015",
        "Loss per 1000 Users": "(Financial Loss / Number of Affected Users) * 1000"
    }
}