model,RMSE,MAE,R2
Linear Regression,21.01331184009379,18.329864578552158,-0.032847006171759174
GBT Regression,22.26206704657826,19.20052727613608,-0.15925227447050938
